{
    "loss": 16.721508026123047,
    "accuracy": 0.4313725531101227
}