{
    "loss": 0.0843970999121666,
    "accuracy": 0.9607843160629272
}